Workbook

Sheet Таблица
A1: =IMAGE("https://raw.githubusercontent.com/RedCat161/AoM/main/Runes/Rune.jpg") | M1: совпадения | N1: by RedCat#1BVV
N2: Сперва вбиваем Созвездие артефакта при помощи буквенного выпадающего меню!! Далее для сортировки по совпадениям, жмем ➟ | Q2: =IMAGE("https://raw.githubusercontent.com/RedCat161/AoM/main/photo_2026-01-11_22-35-59.jpg") | S2: 2-й навык Артуса и 3-й навык Дэнайи дают возможность совершать контратаки абсолютно всем персонажам
B3: =IMAGE("https://raw.githubusercontent.com/RedCat161/AoM/main/RedCat_200.jpg") | C3: Артефакт | E3: L | G3: G | I3: E | K3: B | N3: Массовая атака | P3: Контратака
E4: =VLOOKUP(E3,'Созвездия'!A:B,2,FALSE) | G4: =VLOOKUP(G3,'Созвездия'!A:B,2,FALSE) | I4: =VLOOKUP(I3,'Созвездия'!A:B,2,FALSE) | K4: =VLOOKUP(K3,'Созвездия'!A:B,2,FALSE) | N4: Одиночная атака | P4: Вспомогательная атака
A5: № | B5: Фракция | C5: Персонаж | E5: Созвездие | N5: Навык 1 | O5: Навык 2 | P5: Навык 3 | Q5: Навык 4 | R5: Контратака | S5: Контратака за счет другого перса | T5: Вспомогательная Атака | U5: Вспомогательная за счет другого перса
A6: 1 | B6: Фатуриши | C6: Сарпани | D6: =IMAGE("https://raw.githubusercontent.com/RedCat161/AoM/main/fat/fat2_200.jpg") | E6: ='Созвездия'!B4 | F6: C | G6: ='Созвездия'!B4 | H6: C | I6: ='Созвездия'!B6 | J6: E | K6: ='Созвездия'!B6 | L6: E | M6: =SUM( MAP( UNIQUE({$E$3;$G$3;$I$3;$K$3}), LAMBDA(x, MIN( COUNTIF({$E$3;$G$3;$I$3;$K$3}, x), COUNTIF({F6;H6;J6;L6}, x) ) ) ) ) -> 1
A7: 2 | B7: Фатуриши | C7: Вирашан | D7: =IMAGE("https://raw.githubusercontent.com/RedCat161/AoM/main/fat/fat3_200.jpg") | E7: ='Созвездия'!B9 | F7: H | G7: ='Созвездия'!B4 | H7: C | I7: ='Созвездия'!B7 | J7: F | K7: ='Созвездия'!B6 | L7: E | M7: =SUM( MAP( UNIQUE({$E$3;$G$3;$I$3;$K$3}), LAMBDA(x, MIN( COUNTIF({$E$3;$G$3;$I$3;$K$3}, x), COUNTIF({F7;H7;J7;L7}, x) ) ) ) ) -> 1 | N7: Мульти
A8: 3 | B8: Фатуриши | C8: Сандхвар | D8: =IMAGE("https://raw.githubusercontent.com/RedCat161/AoM/main/fat/fat4_200.jpg") | E8: ='Созвездия'!B13 | F8: L | G8: ='Созвездия'!B13 | H8: L | I8: ='Созвездия'!B13 | J8: L | K8: ='Созвездия'!B4 | L8: C | M8: =SUM( MAP( UNIQUE({$E$3;$G$3;$I$3;$K$3}), LAMBDA(x, MIN( COUNTIF({$E$3;$G$3;$I$3;$K$3}, x), COUNTIF({F8;H8;J8;L8}, x) ) ) ) ) -> 1
A9: 4 | B9: Фатуриши | C9: Лакшайн | D9: =IMAGE("https://raw.githubusercontent.com/RedCat161/AoM/main/fat/fat1_200.jpg") | E9: ='Созвездия'!B9 | F9: H | G9: ='Созвездия'!B5 | H9: D | I9: ='Созвездия'!B7 | J9: F | K9: ='Созвездия'!B6 | L9: E | M9: =SUM( MAP( UNIQUE({$E$3;$G$3;$I$3;$K$3}), LAMBDA(x, MIN( COUNTIF({$E$3;$G$3;$I$3;$K$3}, x), COUNTIF({F9;H9;J9;L9}, x) ) ) ) ) -> 1 | O9: Мульти
A10: 5 | B10: Фатуриши | C10: Матави | D10: =IMAGE("https://raw.githubusercontent.com/RedCat161/AoM/main/fat/fat6_200.jpg") | E10: ='Созвездия'!B12 | F10: K | G10: ='Созвездия'!B12 | H10: K | I10: ='Созвездия'!B7 | J10: F | K10: ='Созвездия'!B7 | L10: F | M10: =SUM( MAP( UNIQUE({$E$3;$G$3;$I$3;$K$3}), LAMBDA(x, MIN( COUNTIF({$E$3;$G$3;$I$3;$K$3}, x), COUNTIF({F10;H10;J10;L10}, x) ) ) ) ) -> 0
A11: 6 | B11: Фатуриши | C11: Шанат | D11: =IMAGE("https://raw.githubusercontent.com/RedCat161/AoM/main/fat/fat5_200.jpg") | E11: ='Созвездия'!B10 | F11: I | G11: ='Созвездия'!B6 | H11: E | I11: ='Созвездия'!B2 | J11: A | K11: ='Созвездия'!B9 | L11: H | M11: =SUM( MAP( UNIQUE({$E$3;$G$3;$I$3;$K$3}), LAMBDA(x, MIN( COUNTIF({$E$3;$G$3;$I$3;$K$3}, x), COUNTIF({F11;H11;J11;L11}, x) ) ) ) ) -> 1 | P11: Мульти | T11: 2-й навык
A12: 7 | B12: Проклятый Цирк | C12: Марлена | D12: =IMAGE("https://raw.githubusercontent.com/RedCat161/AoM/main/circus/circus3_200.jpg") | E12: ='Созвездия'!B9 | F12: H | G12: ='Созвездия'!B8 | H12: G | I12: ='Созвездия'!B6 | J12: E | K12: ='Созвездия'!B2 | L12: A | M12: =SUM( MAP( UNIQUE({$E$3;$G$3;$I$3;$K$3}), LAMBDA(x, MIN( COUNTIF({$E$3;$G$3;$I$3;$K$3}, x), COUNTIF({F12;H12;J12;L12}, x) ) ) ) ) -> 2 | N12: Мульти
A13: 8 | B13: Проклятый Цирк | C13: Пикки | D13: =IMAGE("https://raw.githubusercontent.com/RedCat161/AoM/main/circus/circus4_200.jpg") | E13: ='Созвездия'!B12 | F13: K | G13: ='Созвездия'!B6 | H13: E | I13: ='Созвездия'!B2 | J13: A | K13: ='Созвездия'!B12 | L13: K | M13: =SUM( MAP( UNIQUE({$E$3;$G$3;$I$3;$K$3}), LAMBDA(x, MIN( COUNTIF({$E$3;$G$3;$I$3;$K$3}, x), COUNTIF({F13;H13;J13;L13}, x) ) ) ) ) -> 1
A14: 9 | B14: Проклятый Цирк | C14: Жан Глёр | D14: =IMAGE("https://raw.githubusercontent.com/RedCat161/AoM/main/circus/circus1_200.jpg") | E14: ='Созвездия'!B9 | F14: H | G14: ='Созвездия'!B11 | H14: J | I14: ='Созвездия'!B3 | J14: B | K14: ='Созвездия'!B11 | L14: J | M14: =SUM( MAP( UNIQUE({$E$3;$G$3;$I$3;$K$3}), LAMBDA(x, MIN( COUNTIF({$E$3;$G$3;$I$3;$K$3}, x), COUNTIF({F14;H14;J14;L14}, x) ) ) ) ) -> 1 | N14: Мульти | P14: Мульти
A15: 10 | B15: Проклятый Цирк | C15: Гозо | D15: =IMAGE("https://raw.githubusercontent.com/RedCat161/AoM/main/circus/circus2_200.jpg") | E15: ='Созвездия'!B8 | F15: G | G15: ='Созвездия'!B8 | H15: G | I15: ='Созвездия'!B13 | J15: L | K15: ='Созвездия'!B13 | L15: L | M15: =SUM( MAP( UNIQUE({$E$3;$G$3;$I$3;$K$3}), LAMBDA(x, MIN( COUNTIF({$E$3;$G$3;$I$3;$K$3}, x), COUNTIF({F15;H15;J15;L15}, x) ) ) ) ) -> 2
A16: 11 | B16: Проклятый Цирк | C16: Оукли | D16: =IMAGE("https://raw.githubusercontent.com/RedCat161/AoM/main/circus/circus5_200.jpg") | E16: ='Созвездия'!B11 | F16: J | G16: ='Созвездия'!B8 | H16: G | I16: ='Созвездия'!B6 | J16: E | K16: ='Созвездия'!B9 | L16: H | M16: =SUM( MAP( UNIQUE({$E$3;$G$3;$I$3;$K$3}), LAMBDA(x, MIN( COUNTIF({$E$3;$G$3;$I$3;$K$3}, x), COUNTIF({F16;H16;J16;L16}, x) ) ) ) ) -> 2 | O16: Мульти | R16: пассивка
A17: 12 | B17: Проклятый Цирк | C17: Серсела | D17: =IMAGE("https://raw.githubusercontent.com/RedCat161/AoM/main/circus/circus6_200.jpg") | E17: ='Созвездия'!B9 | F17: H | G17: ='Созвездия'!B6 | H17: E | I17: ='Созвездия'!B13 | J17: L | K17: ='Созвездия'!B8 | L17: G | M17: =SUM( MAP( UNIQUE({$E$3;$G$3;$I$3;$K$3}), LAMBDA(x, MIN( COUNTIF({$E$3;$G$3;$I$3;$K$3}, x), COUNTIF({F17;H17;J17;L17}, x) ) ) ) ) -> 3 | N17: Мульти | O17: Мульти
A18: 13 | B18: Алый Орден | C18: Тереза | D18: =IMAGE("https://raw.githubusercontent.com/RedCat161/AoM/main/Al/Al2_200.jpg") | E18: ='Созвездия'!B4 | F18: C | G18: ='Созвездия'!B4 | H18: C | I18: ='Созвездия'!B4 | J18: C | K18: ='Созвездия'!B8 | L18: G | M18: =SUM( MAP( UNIQUE({$E$3;$G$3;$I$3;$K$3}), LAMBDA(x, MIN( COUNTIF({$E$3;$G$3;$I$3;$K$3}, x), COUNTIF({F18;H18;J18;L18}, x) ) ) ) ) -> 1 | S18: 2-й навык Артуса | U18: С 1 пробуд Люца, база Бертрана
A19: 14 | B19: Алый Орден | C19: Люциус | D19: =IMAGE("https://raw.githubusercontent.com/RedCat161/AoM/main/Al/Al3_200.jpg") | E19: ='Созвездия'!B6 | F19: E | G19: ='Созвездия'!B6 | H19: E | I19: ='Созвездия'!B3 | J19: B | K19: ='Созвездия'!B2 | L19: A | M19: =SUM( MAP( UNIQUE({$E$3;$G$3;$I$3;$K$3}), LAMBDA(x, MIN( COUNTIF({$E$3;$G$3;$I$3;$K$3}, x), COUNTIF({F19;H19;J19;L19}, x) ) ) ) ) -> 2 | N19: Мульти | P19: Мульти | S19: 2-й навык Артуса | U19: база Бертрана
A20: 15 | B20: Алый Орден | C20: Бенедикт | D20: =IMAGE("https://raw.githubusercontent.com/RedCat161/AoM/main/Al/Al4_200.jpg") | E20: ='Созвездия'!B8 | F20: G | G20: ='Созвездия'!B8 | H20: G | I20: ='Созвездия'!B2 | J20: A | K20: ='Созвездия'!B2 | L20: A | M20: =SUM( MAP( UNIQUE({$E$3;$G$3;$I$3;$K$3}), LAMBDA(x, MIN( COUNTIF({$E$3;$G$3;$I$3;$K$3}, x), COUNTIF({F20;H20;J20;L20}, x) ) ) ) ) -> 1 | S20: 2-й навык Артуса | U20: С 1 пробуд Люца, база Бертрана
A21: 16 | B21: Алый Орден | C21: Мария | D21: =IMAGE("https://raw.githubusercontent.com/RedCat161/AoM/main/Al/Al5_200.jpg") | E21: ='Созвездия'!B6 | F21: E | G21: ='Созвездия'!B9 | H21: H | I21: ='Созвездия'!B3 | J21: B | K21: ='Созвездия'!B4 | L21: C | M21: =SUM( MAP( UNIQUE({$E$3;$G$3;$I$3;$K$3}), LAMBDA(x, MIN( COUNTIF({$E$3;$G$3;$I$3;$K$3}, x), COUNTIF({F21;H21;J21;L21}, x) ) ) ) ) -> 2 | S21: 2-й навык Артуса | U21: С 1 пробуд Люца, база Бертрана
A22: 17 | B22: Алый Орден | C22: Феликс | D22: =IMAGE("https://raw.githubusercontent.com/RedCat161/AoM/main/Al/Al1_200.jpg") | E22: ='Созвездия'!B9 | F22: H | G22: ='Созвездия'!B9 | H22: H | I22: ='Созвездия'!B6 | J22: E | K22: ='Созвездия'!B2 | L22: A | M22: =SUM( MAP( UNIQUE({$E$3;$G$3;$I$3;$K$3}), LAMBDA(x, MIN( COUNTIF({$E$3;$G$3;$I$3;$K$3}, x), COUNTIF({F22;H22;J22;L22}, x) ) ) ) ) -> 1 | P22: Мульти | S22: 2-й навык Артуса | U22: С 1 пробуд Люца, база Бертрана
A23: 18 | B23: Алый Орден | C23: Бертран | D23: =IMAGE("https://raw.githubusercontent.com/RedCat161/AoM/main/Al/Al6_200.jpg") | E23: ='Созвездия'!B6 | F23: E | G23: ='Созвездия'!B6 | H23: E | I23: ='Созвездия'!B6 | J23: E | K23: ='Созвездия'!B7 | L23: F | M23: =SUM( MAP( UNIQUE({$E$3;$G$3;$I$3;$K$3}), LAMBDA(x, MIN( COUNTIF({$E$3;$G$3;$I$3;$K$3}, x), COUNTIF({F23;H23;J23;L23}, x) ) ) ) ) -> 1 | S23: 2-й навык Артуса | U23: С 1 пробуд Люца
A24: 19 | B24: Алый Орден | C24: Агнесса | D24: =IMAGE("https://raw.githubusercontent.com/RedCat161/AoM/main/Al/Al7_200.jpg") | E24: ='Созвездия'!B9 | F24: H | G24: ='Созвездия'!B9 | H24: H | I24: ='Созвездия'!B9 | J24: H | K24: ='Созвездия'!B3 | L24: B | M24: =SUM( MAP( UNIQUE({$E$3;$G$3;$I$3;$K$3}), LAMBDA(x, MIN( COUNTIF({$E$3;$G$3;$I$3;$K$3}, x), COUNTIF({F24;H24;J24;L24}, x) ) ) ) ) -> 1 | N24: Мульти | O24: Мульти | S24: 2-й навык Артуса | U24: С 1 пробуд Люца, база Бертрана
A25: 20 | B25: Исчадия Хаоса | C25: Сид | D25: =IMAGE("https://raw.githubusercontent.com/RedCat161/AoM/main/fiends/fiends4_200.jpg") | E25: ='Созвездия'!B2 | F25: A | G25: ='Созвездия'!B11 | H25: J | I25: ='Созвездия'!B6 | J25: E | K25: ='Созвездия'!B8 | L25: G | M25: =SUM( MAP( UNIQUE({$E$3;$G$3;$I$3;$K$3}), LAMBDA(x, MIN( COUNTIF({$E$3;$G$3;$I$3;$K$3}, x), COUNTIF({F25;H25;J25;L25}, x) ) ) ) ) -> 2
A26: 21 | B26: Исчадия Хаоса | C26: Гул | D26: =IMAGE("https://raw.githubusercontent.com/RedCat161/AoM/main/fiends/fiends5_200.jpg") | E26: ='Созвездия'!B3 | F26: B | G26: ='Созвездия'!B8 | H26: G | I26: ='Созвездия'!B2 | J26: A | K26: ='Созвездия'!B2 | L26: A | M26: =SUM( MAP( UNIQUE({$E$3;$G$3;$I$3;$K$3}), LAMBDA(x, MIN( COUNTIF({$E$3;$G$3;$I$3;$K$3}, x), COUNTIF({F26;H26;J26;L26}, x) ) ) ) ) -> 2 | P26: Мульти
A27: 22 | B27: Исчадия Хаоса | C27: Акед | D27: =IMAGE("https://raw.githubusercontent.com/RedCat161/AoM/main/fiends/fiends6_200.jpg") | E27: ='Созвездия'!B7 | F27: F | G27: ='Созвездия'!B7 | H27: F | I27: ='Созвездия'!B12 | J27: K | K27: ='Созвездия'!B5 | L27: D | M27: =SUM( MAP( UNIQUE({$E$3;$G$3;$I$3;$K$3}), LAMBDA(x, MIN( COUNTIF({$E$3;$G$3;$I$3;$K$3}, x), COUNTIF({F27;H27;J27;L27}, x) ) ) ) ) -> 0
A28: 23 | B28: Исчадия Хаоса | C28: Фурия | D28: =IMAGE("https://raw.githubusercontent.com/RedCat161/AoM/main/fiends/fiends1_200.jpg") | E28: ='Созвездия'!B3 | F28: B | G28: ='Созвездия'!B3 | H28: B | I28: ='Созвездия'!B3 | J28: B | K28: ='Созвездия'!B3 | L28: B | M28: =SUM( MAP( UNIQUE({$E$3;$G$3;$I$3;$K$3}), LAMBDA(x, MIN( COUNTIF({$E$3;$G$3;$I$3;$K$3}, x), COUNTIF({F28;H28;J28;L28}, x) ) ) ) ) -> 1 | N28: Мульти | O28: Мульти | P28: Мульти если есть статика
A29: 24 | B29: Исчадия Хаоса | C29: Луксурия | D29: =IMAGE("https://raw.githubusercontent.com/RedCat161/AoM/main/fiends/fiends7_200.jpg") | E29: ='Созвездия'!B2 | F29: A | G29: ='Созвездия'!B13 | H29: L | I29: ='Созвездия'!B11 | J29: J | K29: ='Созвездия'!B8 | L29: G | M29: =SUM( MAP( UNIQUE({$E$3;$G$3;$I$3;$K$3}), LAMBDA(x, MIN( COUNTIF({$E$3;$G$3;$I$3;$K$3}, x), COUNTIF({F29;H29;J29;L29}, x) ) ) ) ) -> 2
A30: 25 | B30: Исчадия Хаоса | C30: Инвид | D30: =IMAGE("https://raw.githubusercontent.com/RedCat161/AoM/main/fiends/fiends3_200.jpg") | E30: ='Созвездия'!B9 | F30: H | G30: ='Созвездия'!B11 | H30: J | I30: ='Созвездия'!B2 | J30: A | K30: ='Созвездия'!B3 | L30: B | M30: =SUM( MAP( UNIQUE({$E$3;$G$3;$I$3;$K$3}), LAMBDA(x, MIN( COUNTIF({$E$3;$G$3;$I$3;$K$3}, x), COUNTIF({F30;H30;J30;L30}, x) ) ) ) ) -> 1 | P30: Мульти
A31: 26 | B31: Исчадия Хаоса | C31: Суперия | D31: =IMAGE("https://raw.githubusercontent.com/RedCat161/AoM/main/fiends/fiends2_200.jpg") | E31: ='Созвездия'!B2 | F31: A | G31: ='Созвездия'!B2 | H31: A | I31: ='Созвездия'!B6 | J31: E | K31: ='Созвездия'!B8 | L31: G | M31: =SUM( MAP( UNIQUE({$E$3;$G$3;$I$3;$K$3}), LAMBDA(x, MIN( COUNTIF({$E$3;$G$3;$I$3;$K$3}, x), COUNTIF({F31;H31;J31;L31}, x) ) ) ) ) -> 2 | P31: Мульти
A32: 27 | B32: Стражи Порядка | C32: Омфис | D32: =IMAGE("https://raw.githubusercontent.com/RedCat161/AoM/main/guards/guardian4_200.jpg") | E32: ='Созвездия'!B2 | F32: A | G32: ='Созвездия'!B6 | H32: E | I32: ='Созвездия'!B8 | J32: G | K32: ='Созвездия'!B3 | L32: B | M32: =SUM( MAP( UNIQUE({$E$3;$G$3;$I$3;$K$3}), LAMBDA(x, MIN( COUNTIF({$E$3;$G$3;$I$3;$K$3}, x), COUNTIF({F32;H32;J32;L32}, x) ) ) ) ) -> 3 | U32: база Неферы
A33: 28 | B33: Стражи Порядка | C33: Сири | D33: =IMAGE("https://raw.githubusercontent.com/RedCat161/AoM/main/guards/guardian5_200.jpg") | E33: ='Созвездия'!B9 | F33: H | G33: ='Созвездия'!B10 | H33: I | I33: ='Созвездия'!B10 | J33: I | K33: ='Созвездия'!B5 | L33: D | M33: =SUM( MAP( UNIQUE({$E$3;$G$3;$I$3;$K$3}), LAMBDA(x, MIN( COUNTIF({$E$3;$G$3;$I$3;$K$3}, x), COUNTIF({F33;H33;J33;L33}, x) ) ) ) ) -> 0 | N33: Мульти | O33: Мульти | P33: Мульти | R33: пассивка | U33: база Неферы
A34: 29 | B34: Стражи Порядка | C34: Уоррис | D34: =IMAGE("https://raw.githubusercontent.com/RedCat161/AoM/main/guards/guardian7_200.jpg") | E34: ='Созвездия'!B6 | F34: E | G34: ='Созвездия'!B6 | H34: E | I34: ='Созвездия'!B9 | J34: H | K34: ='Созвездия'!B5 | L34: D | M34: =SUM( MAP( UNIQUE({$E$3;$G$3;$I$3;$K$3}), LAMBDA(x, MIN( COUNTIF({$E$3;$G$3;$I$3;$K$3}, x), COUNTIF({F34;H34;J34;L34}, x) ) ) ) ) -> 1 | U34: база Неферы
A35: 30 | B35: Стражи Порядка | C35: Сехмон | D35: =IMAGE("https://raw.githubusercontent.com/RedCat161/AoM/main/guards/guardian3_200.jpg") | E35: ='Созвездия'!B8 | F35: G | G35: ='Созвездия'!B6 | H35: E | I35: ='Созвездия'!B11 | J35: J | K35: ='Созвездия'!B8 | L35: G | M35: =SUM( MAP( UNIQUE({$E$3;$G$3;$I$3;$K$3}), LAMBDA(x, MIN( COUNTIF({$E$3;$G$3;$I$3;$K$3}, x), COUNTIF({F35;H35;J35;L35}, x) ) ) ) ) -> 2 | U35: база Неферы
A36: 31 | B36: Стражи Порядка | C36: Нефера | D36: =IMAGE("https://raw.githubusercontent.com/RedCat161/AoM/main/guards/guardian01_200.jpg") | E36: ='Созвездия'!B2 | F36: A | G36: ='Созвездия'!B6 | H36: E | I36: ='Созвездия'!B8 | J36: G | K36: ='Созвездия'!B9 | L36: H | M36: =SUM( MAP( UNIQUE({$E$3;$G$3;$I$3;$K$3}), LAMBDA(x, MIN( COUNTIF({$E$3;$G$3;$I$3;$K$3}, x), COUNTIF({F36;H36;J36;L36}, x) ) ) ) ) -> 2
A37: 32 | B37: Стражи Порядка | C37: Инпус | D37: =IMAGE("https://raw.githubusercontent.com/RedCat161/AoM/main/guards/guardian2_200.jpg") | E37: ='Созвездия'!B9 | F37: H | G37: ='Созвездия'!B9 | H37: H | I37: ='Созвездия'!B9 | J37: H | K37: ='Созвездия'!B5 | L37: D | M37: =SUM( MAP( UNIQUE({$E$3;$G$3;$I$3;$K$3}), LAMBDA(x, MIN( COUNTIF({$E$3;$G$3;$I$3;$K$3}, x), COUNTIF({F37;H37;J37;L37}, x) ) ) ) ) -> 0 | O37: Мульти | U37: база Неферы
A38: 33 | B38: Стражи Порядка | C38: Скара | D38: =IMAGE("https://raw.githubusercontent.com/RedCat161/AoM/main/guards/guardian6_200.jpg") | E38: ='Созвездия'!B8 | F38: G | G38: ='Созвездия'!B8 | H38: G | I38: ='Созвездия'!B6 | J38: E | K38: ='Созвездия'!B2 | L38: A | M38: =SUM( MAP( UNIQUE({$E$3;$G$3;$I$3;$K$3}), LAMBDA(x, MIN( COUNTIF({$E$3;$G$3;$I$3;$K$3}, x), COUNTIF({F38;H38;J38;L38}, x) ) ) ) ) -> 2 | U38: база Неферы
A39: 34 | B39: Ваны Северных Вершин | C39: Стар'вальд | D39: =IMAGE("https://raw.githubusercontent.com/RedCat161/AoM/main/Van/Van4_200.jpg") | E39: ='Созвездия'!B8 | F39: G | G39: ='Созвездия'!B3 | H39: B | I39: ='Созвездия'!B6 | J39: E | K39: ='Созвездия'!B2 | L39: A | M39: =SUM( MAP( UNIQUE({$E$3;$G$3;$I$3;$K$3}), LAMBDA(x, MIN( COUNTIF({$E$3;$G$3;$I$3;$K$3}, x), COUNTIF({F39;H39;J39;L39}, x) ) ) ) ) -> 3
A40: 35 | B40: Ваны Северных Вершин | C40: Рей'мунд | D40: =IMAGE("https://raw.githubusercontent.com/RedCat161/AoM/main/Van/Van2_200.jpg") | E40: ='Созвездия'!B9 | F40: H | G40: ='Созвездия'!B9 | H40: H | I40: ='Созвездия'!B11 | J40: J | K40: ='Созвездия'!B8 | L40: G | M40: =SUM( MAP( UNIQUE({$E$3;$G$3;$I$3;$K$3}), LAMBDA(x, MIN( COUNTIF({$E$3;$G$3;$I$3;$K$3}, x), COUNTIF({F40;H40;J40;L40}, x) ) ) ) ) -> 1 | O40: Мульти
A41: 36 | B41: Ваны Северных Вершин | C41: Ульфрен | D41: =IMAGE("https://raw.githubusercontent.com/RedCat161/AoM/main/Van/Van7_200.jpg") | E41: ='Созвездия'!B3 | F41: B | G41: ='Созвездия'!B11 | H41: J | I41: ='Созвездия'!B11 | J41: J | K41: ='Созвездия'!B10 | L41: I | M41: =SUM( MAP( UNIQUE({$E$3;$G$3;$I$3;$K$3}), LAMBDA(x, MIN( COUNTIF({$E$3;$G$3;$I$3;$K$3}, x), COUNTIF({F41;H41;J41;L41}, x) ) ) ) ) -> 1 | Q41: Мульти | R41: пассивка
A42: 37 | B42: Ваны Северных Вершин | C42: Гротто | D42: =IMAGE("https://raw.githubusercontent.com/RedCat161/AoM/main/Van/Van3_200.jpg") | E42: ='Созвездия'!B3 | F42: B | G42: ='Созвездия'!B3 | H42: B | I42: ='Созвездия'!B3 | J42: B | K42: ='Созвездия'!B3 | L42: B | M42: =SUM( MAP( UNIQUE({$E$3;$G$3;$I$3;$K$3}), LAMBDA(x, MIN( COUNTIF({$E$3;$G$3;$I$3;$K$3}, x), COUNTIF({F42;H42;J42;L42}, x) ) ) ) ) -> 1
A43: 38 | B43: Ваны Северных Вершин | C43: Хэй'лис | D43: =IMAGE("https://raw.githubusercontent.com/RedCat161/AoM/main/Van/Van5_200.jpg") | E43: ='Созвездия'!B5 | F43: D | G43: ='Созвездия'!B3 | H43: B | I43: ='Созвездия'!B5 | J43: D | K43: ='Созвездия'!B3 | L43: B | M43: =SUM( MAP( UNIQUE({$E$3;$G$3;$I$3;$K$3}), LAMBDA(x, MIN( COUNTIF({$E$3;$G$3;$I$3;$K$3}, x), COUNTIF({F43;H43;J43;L43}, x) ) ) ) ) -> 1
A44: 39 | B44: Ваны Северных Вершин | C44: Герда | D44: =IMAGE("https://raw.githubusercontent.com/RedCat161/AoM/main/Van/Van1_200.jpg") | E44: ='Созвездия'!B3 | F44: B | G44: ='Созвездия'!B3 | H44: B | I44: ='Созвездия'!B3 | J44: B | K44: ='Созвездия'!B3 | L44: B | M44: =SUM( MAP( UNIQUE({$E$3;$G$3;$I$3;$K$3}), LAMBDA(x, MIN( COUNTIF({$E$3;$G$3;$I$3;$K$3}, x), COUNTIF({F44;H44;J44;L44}, x) ) ) ) ) -> 1
A45: 40 | B45: Ваны Северных Вершин | C45: Фрей'хель | D45: =IMAGE("https://raw.githubusercontent.com/RedCat161/AoM/main/Van/Van6_200.jpg") | E45: ='Созвездия'!B9 | F45: H | G45: ='Созвездия'!B9 | H45: H | I45: ='Созвездия'!B11 | J45: J | K45: ='Созвездия'!B6 | L45: E | M45: =SUM( MAP( UNIQUE({$E$3;$G$3;$I$3;$K$3}), LAMBDA(x, MIN( COUNTIF({$E$3;$G$3;$I$3;$K$3}, x), COUNTIF({F45;H45;J45;L45}, x) ) ) ) ) -> 1 | O45: Мульти | P45: Мульти
A46: 41 | B46: Облачные Странники | C46: Роксана | D46: =IMAGE("https://raw.githubusercontent.com/RedCat161/AoM/main/Os/Os5_200.jpg") | E46: ='Созвездия'!B6 | F46: E | G46: ='Созвездия'!B6 | H46: E | I46: ='Созвездия'!B11 | J46: J | K46: ='Созвездия'!B3 | L46: B | M46: =SUM( MAP( UNIQUE({$E$3;$G$3;$I$3;$K$3}), LAMBDA(x, MIN( COUNTIF({$E$3;$G$3;$I$3;$K$3}, x), COUNTIF({F46;H46;J46;L46}, x) ) ) ) ) -> 2 | N46: Мульти
A47: 42 | B47: Облачные Странники | C47: Астория | D47: =IMAGE("https://raw.githubusercontent.com/RedCat161/AoM/main/Os/Os3_200.jpg") | E47: ='Созвездия'!B9 | F47: H | G47: ='Созвездия'!B9 | H47: H | I47: ='Созвездия'!B6 | J47: E | K47: ='Созвездия'!B10 | L47: I | M47: =SUM( MAP( UNIQUE({$E$3;$G$3;$I$3;$K$3}), LAMBDA(x, MIN( COUNTIF({$E$3;$G$3;$I$3;$K$3}, x), COUNTIF({F47;H47;J47;L47}, x) ) ) ) ) -> 1 | P47: Мульти
A48: 43 | B48: Облачные Странники | C48: Капфей | D48: =IMAGE("https://raw.githubusercontent.com/RedCat161/AoM/main/Os/Os6_200.jpg") | E48: ='Созвездия'!B3 | F48: B | G48: ='Созвездия'!B8 | H48: G | I48: ='Созвездия'!B6 | J48: E | K48: ='Созвездия'!B11 | L48: J | M48: =SUM( MAP( UNIQUE({$E$3;$G$3;$I$3;$K$3}), LAMBDA(x, MIN( COUNTIF({$E$3;$G$3;$I$3;$K$3}, x), COUNTIF({F48;H48;J48;L48}, x) ) ) ) ) -> 3
A49: 44 | B49: Облачные Странники | C49: Блисс | D49: =IMAGE("https://raw.githubusercontent.com/RedCat161/AoM/main/Os/Os1_200.jpg") | E49: ='Созвездия'!B9 | F49: H | G49: ='Созвездия'!B13 | H49: L | I49: ='Созвездия'!B12 | J49: K | K49: ='Созвездия'!B13 | L49: L | M49: =SUM( MAP( UNIQUE({$E$3;$G$3;$I$3;$K$3}), LAMBDA(x, MIN( COUNTIF({$E$3;$G$3;$I$3;$K$3}, x), COUNTIF({F49;H49;J49;L49}, x) ) ) ) ) -> 1
A50: 45 | B50: Облачные Странники | C50: Рамфорт | D50: =IMAGE("https://raw.githubusercontent.com/RedCat161/AoM/main/Os/Os7_200.jpg") | E50: ='Созвездия'!B13 | F50: L | G50: ='Созвездия'!B11 | H50: J | I50: ='Созвездия'!B2 | J50: A | K50: ='Созвездия'!B10 | L50: I | M50: =SUM( MAP( UNIQUE({$E$3;$G$3;$I$3;$K$3}), LAMBDA(x, MIN( COUNTIF({$E$3;$G$3;$I$3;$K$3}, x), COUNTIF({F50;H50;J50;L50}, x) ) ) ) ) -> 1 | N50: Мульти | R50: пассивка с пробудкой
A51: 46 | B51: Облачные Странники | C51: Эвер | D51: =IMAGE("https://raw.githubusercontent.com/RedCat161/AoM/main/Os/Os4_200.jpg") | E51: ='Созвездия'!B12 | F51: K | G51: ='Созвездия'!B7 | H51: F | I51: ='Созвездия'!B12 | J51: K | K51: ='Созвездия'!B7 | L51: F | M51: =SUM( MAP( UNIQUE({$E$3;$G$3;$I$3;$K$3}), LAMBDA(x, MIN( COUNTIF({$E$3;$G$3;$I$3;$K$3}, x), COUNTIF({F51;H51;J51;L51}, x) ) ) ) ) -> 0
A52: 47 | B52: Облачные Странники | C52: Теодор | D52: =IMAGE("https://raw.githubusercontent.com/RedCat161/AoM/main/Os/Os2_200.jpg") | E52: ='Созвездия'!B11 | F52: J | G52: ='Созвездия'!B11 | H52: J | I52: ='Созвездия'!B3 | J52: B | K52: ='Созвездия'!B10 | L52: I | M52: =SUM( MAP( UNIQUE({$E$3;$G$3;$I$3;$K$3}), LAMBDA(x, MIN( COUNTIF({$E$3;$G$3;$I$3;$K$3}, x), COUNTIF({F52;H52;J52;L52}, x) ) ) ) ) -> 1 | N52: Мульти
A53: 48 | B53: Ковен Ведьм | C53: Лилит | D53: =IMAGE("https://raw.githubusercontent.com/RedCat161/AoM/main/witches/witch4_200.jpg") | E53: ='Созвездия'!B8 | F53: G | G53: ='Созвездия'!B6 | H53: E | I53: ='Созвездия'!B2 | J53: A | K53: ='Созвездия'!B11 | L53: J | M53: =SUM( MAP( UNIQUE({$E$3;$G$3;$I$3;$K$3}), LAMBDA(x, MIN( COUNTIF({$E$3;$G$3;$I$3;$K$3}, x), COUNTIF({F53;H53;J53;L53}, x) ) ) ) ) -> 2
A54: 49 | B54: Ковен Ведьм | C54: Баньши | D54: =IMAGE("https://raw.githubusercontent.com/RedCat161/AoM/main/witches/witch2_200.jpg") | E54: ='Созвездия'!B8 | F54: G | G54: ='Созвездия'!B8 | H54: G | I54: ='Созвездия'!B8 | J54: G | K54: ='Созвездия'!B2 | L54: A | M54: =SUM( MAP( UNIQUE({$E$3;$G$3;$I$3;$K$3}), LAMBDA(x, MIN( COUNTIF({$E$3;$G$3;$I$3;$K$3}, x), COUNTIF({F54;H54;J54;L54}, x) ) ) ) ) -> 1 | N54: Мульти
A55: 50 | B55: Ковен Ведьм | C55: Диана | D55: =IMAGE("https://raw.githubusercontent.com/RedCat161/AoM/main/witches/witch1_200.jpg") | E55: ='Созвездия'!B8 | F55: G | G55: ='Созвездия'!B8 | H55: G | I55: ='Созвездия'!B8 | J55: G | K55: ='Созвездия'!B13 | L55: L | M55: =SUM( MAP( UNIQUE({$E$3;$G$3;$I$3;$K$3}), LAMBDA(x, MIN( COUNTIF({$E$3;$G$3;$I$3;$K$3}, x), COUNTIF({F55;H55;J55;L55}, x) ) ) ) ) -> 2
A56: 51 | B56: Ковен Ведьм | C56: Нора | D56: =IMAGE("https://raw.githubusercontent.com/RedCat161/AoM/main/witches/witch7_200.jpg") | E56: ='Созвездия'!B8 | F56: G | G56: ='Созвездия'!B11 | H56: J | I56: ='Созвездия'!B11 | J56: J | K56: ='Созвездия'!B4 | L56: C | M56: =SUM( MAP( UNIQUE({$E$3;$G$3;$I$3;$K$3}), LAMBDA(x, MIN( COUNTIF({$E$3;$G$3;$I$3;$K$3}, x), COUNTIF({F56;H56;J56;L56}, x) ) ) ) ) -> 1
A57: 52 | B57: Ковен Ведьм | C57: Белладонна | D57: =IMAGE("https://raw.githubusercontent.com/RedCat161/AoM/main/witches/witch3_200.jpg") | E57: ='Созвездия'!B7 | F57: F | G57: ='Созвездия'!B7 | H57: F | I57: ='Созвездия'!B12 | J57: K | K57: ='Созвездия'!B4 | L57: C | M57: =SUM( MAP( UNIQUE({$E$3;$G$3;$I$3;$K$3}), LAMBDA(x, MIN( COUNTIF({$E$3;$G$3;$I$3;$K$3}, x), COUNTIF({F57;H57;J57;L57}, x) ) ) ) ) -> 0
A58: 53 | B58: Ковен Ведьм | C58: Теон | D58: =IMAGE("https://raw.githubusercontent.com/RedCat161/AoM/main/witches/witch5_200.jpg") | E58: ='Созвездия'!B3 | F58: B | G58: ='Созвездия'!B6 | H58: E | I58: ='Созвездия'!B5 | J58: D | K58: ='Созвездия'!B8 | L58: G | M58: =SUM( MAP( UNIQUE({$E$3;$G$3;$I$3;$K$3}), LAMBDA(x, MIN( COUNTIF({$E$3;$G$3;$I$3;$K$3}, x), COUNTIF({F58;H58;J58;L58}, x) ) ) ) ) -> 3
A59: 54 | B59: Ковен Ведьм | C59: Флэйм | D59: =IMAGE("https://raw.githubusercontent.com/RedCat161/AoM/main/witches/witch6_200.jpg") | E59: ='Созвездия'!B9 | F59: H | G59: ='Созвездия'!B3 | H59: B | I59: ='Созвездия'!B11 | J59: J | K59: ='Созвездия'!B6 | L59: E | M59: =SUM( MAP( UNIQUE({$E$3;$G$3;$I$3;$K$3}), LAMBDA(x, MIN( COUNTIF({$E$3;$G$3;$I$3;$K$3}, x), COUNTIF({F59;H59;J59;L59}, x) ) ) ) ) -> 2 | N59: Мульти
A60: 55 | B60: Ковен Ведьм | C60: Лиора Спэллвин | D60: =IMAGE("https://raw.githubusercontent.com/RedCat161/AoM/main/witches/witch8_200.jpg") | E60: ='Созвездия'!B11 | F60: J | G60: ='Созвездия'!B11 | H60: J | I60: ='Созвездия'!B11 | J60: J | K60: ='Созвездия'!B3 | L60: B | M60: =SUM( MAP( UNIQUE({$E$3;$G$3;$I$3;$K$3}), LAMBDA(x, MIN( COUNTIF({$E$3;$G$3;$I$3;$K$3}, x), COUNTIF({F60;H60;J60;L60}, x) ) ) ) ) -> 1 | Q60: Мульти
A61: 56 | B61: Ковен Ведьм | C61: Брайт | D61: =IMAGE("https://raw.githubusercontent.com/RedCat161/AoM/main/witches/witch9_200.jpg") | E61: ='Созвездия'!B12 | F61: K | G61: ='Созвездия'!B12 | H61: K | I61: ='Созвездия'!B12 | J61: K | K61: ='Созвездия'!B7 | L61: F | M61: =SUM( MAP( UNIQUE({$E$3;$G$3;$I$3;$K$3}), LAMBDA(x, MIN( COUNTIF({$E$3;$G$3;$I$3;$K$3}, x), COUNTIF({F61;H61;J61;L61}, x) ) ) ) ) -> 0 | N61: Мульти
A62: 57 | B62: Ковен Ведьм | C62: Скарлет | D62: =IMAGE("https://raw.githubusercontent.com/RedCat161/AoM/main/witches/witch10_200.jpg") | E62: ='Созвездия'!B2 | F62: A | G62: ='Созвездия'!B2 | H62: A | I62: ='Созвездия'!B3 | J62: B | K62: ='Созвездия'!B10 | L62: I | M62: =SUM( MAP( UNIQUE({$E$3;$G$3;$I$3;$K$3}), LAMBDA(x, MIN( COUNTIF({$E$3;$G$3;$I$3;$K$3}, x), COUNTIF({F62;H62;J62;L62}, x) ) ) ) ) -> 1 | P62: Мульти
A63: 58 | B63: Ковен Ведьм | C63: Нимуэ | D63: =IMAGE("https://raw.githubusercontent.com/RedCat161/AoM/main/witches/witch11_200.jpg") | E63: ='Созвездия'!B3 | F63: B | G63: ='Созвездия'!B3 | H63: B | I63: ='Созвездия'!B3 | J63: B | K63: ='Созвездия'!B3 | L63: B | M63: =SUM( MAP( UNIQUE({$E$3;$G$3;$I$3;$K$3}), LAMBDA(x, MIN( COUNTIF({$E$3;$G$3;$I$3;$K$3}, x), COUNTIF({F63;H63;J63;L63}, x) ) ) ) ) -> 1 | P63: Мульти | R63: пассивка
A64: 59 | B64: Отступники | C64: Корвус | D64: =IMAGE("https://raw.githubusercontent.com/RedCat161/AoM/main/renegades/apostate5_200.jpg") | E64: ='Созвездия'!B6 | F64: E | G64: ='Созвездия'!B5 | H64: D | I64: ='Созвездия'!B8 | J64: G | K64: ='Созвездия'!B10 | L64: I | M64: =SUM( MAP( UNIQUE({$E$3;$G$3;$I$3;$K$3}), LAMBDA(x, MIN( COUNTIF({$E$3;$G$3;$I$3;$K$3}, x), COUNTIF({F64;H64;J64;L64}, x) ) ) ) ) -> 2
A65: 60 | B65: Отступники | C65: Фелиция | D65: =IMAGE("https://raw.githubusercontent.com/RedCat161/AoM/main/renegades/apostate6_200.jpg") | E65: ='Созвездия'!B12 | F65: K | G65: ='Созвездия'!B5 | H65: D | I65: ='Созвездия'!B3 | J65: B | K65: ='Созвездия'!B12 | L65: K | M65: =SUM( MAP( UNIQUE({$E$3;$G$3;$I$3;$K$3}), LAMBDA(x, MIN( COUNTIF({$E$3;$G$3;$I$3;$K$3}, x), COUNTIF({F65;H65;J65;L65}, x) ) ) ) ) -> 1 | U65: С пробуд лидерки Корвуса
A66: 61 | B66: Отступники | C66: Мордред | D66: =IMAGE("https://raw.githubusercontent.com/RedCat161/AoM/main/renegades/apostate4_200.jpg") | E66: ='Созвездия'!B9 | F66: H | G66: ='Созвездия'!B5 | H66: D | I66: ='Созвездия'!B5 | J66: D | K66: ='Созвездия'!B13 | L66: L | M66: =SUM( MAP( UNIQUE({$E$3;$G$3;$I$3;$K$3}), LAMBDA(x, MIN( COUNTIF({$E$3;$G$3;$I$3;$K$3}, x), COUNTIF({F66;H66;J66;L66}, x) ) ) ) ) -> 1 | N66: Мульти | U66: С пробуд лидерки Корвуса
A67: 62 | B67: Отступники | C67: Лола | D67: =IMAGE("https://raw.githubusercontent.com/RedCat161/AoM/main/renegades/apostate3_200.jpg") | E67: ='Созвездия'!B5 | F67: D | G67: ='Созвездия'!B6 | H67: E | I67: ='Созвездия'!B11 | J67: J | K67: ='Созвездия'!B2 | L67: A | M67: =SUM( MAP( UNIQUE({$E$3;$G$3;$I$3;$K$3}), LAMBDA(x, MIN( COUNTIF({$E$3;$G$3;$I$3;$K$3}, x), COUNTIF({F67;H67;J67;L67}, x) ) ) ) ) -> 1 | U67: С пробуд лидерки Корвуса
A68: 63 | B68: Отступники | C68: Кроули Чернодум | D68: =IMAGE("https://raw.githubusercontent.com/RedCat161/AoM/main/renegades/apostate8_200.jpg") | E68: ='Созвездия'!B8 | F68: G | G68: ='Созвездия'!B12 | H68: K | I68: ='Созвездия'!B12 | J68: K | K68: ='Созвездия'!B11 | L68: J | M68: =SUM( MAP( UNIQUE({$E$3;$G$3;$I$3;$K$3}), LAMBDA(x, MIN( COUNTIF({$E$3;$G$3;$I$3;$K$3}, x), COUNTIF({F68;H68;J68;L68}, x) ) ) ) ) -> 1 | U68: С пробуд лидерки Корвуса
A69: 64 | B69: Отступники | C69: Морриган | D69: =IMAGE("https://raw.githubusercontent.com/RedCat161/AoM/main/renegades/apostate2_200.jpg") | E69: ='Созвездия'!B5 | F69: D | G69: ='Созвездия'!B5 | H69: D | I69: ='Созвездия'!B6 | J69: E | K69: ='Созвездия'!B3 | L69: B | M69: =SUM( MAP( UNIQUE({$E$3;$G$3;$I$3;$K$3}), LAMBDA(x, MIN( COUNTIF({$E$3;$G$3;$I$3;$K$3}, x), COUNTIF({F69;H69;J69;L69}, x) ) ) ) ) -> 2 | O69: Мульти | U69: С пробуд лидерки Корвуса
A70: 65 | B70: Отступники | C70: Лионго | D70: =IMAGE("https://raw.githubusercontent.com/RedCat161/AoM/main/renegades/apostate7_200.jpg") | E70: ='Созвездия'!B8 | F70: G | G70: ='Созвездия'!B13 | H70: L | I70: ='Созвездия'!B2 | J70: A | K70: ='Созвездия'!B12 | L70: K | M70: =SUM( MAP( UNIQUE({$E$3;$G$3;$I$3;$K$3}), LAMBDA(x, MIN( COUNTIF({$E$3;$G$3;$I$3;$K$3}, x), COUNTIF({F70;H70;J70;L70}, x) ) ) ) ) -> 2 | U70: С пробуд лидерки Корвуса
A71: 66 | B71: Отступники | C71: Бальтазар | D71: =IMAGE("https://raw.githubusercontent.com/RedCat161/AoM/main/renegades/apostate1_200.jpg") | E71: ='Созвездия'!B5 | F71: D | G71: ='Созвездия'!B11 | H71: J | I71: ='Созвездия'!B6 | J71: E | K71: ='Созвездия'!B5 | L71: D | M71: =SUM( MAP( UNIQUE({$E$3;$G$3;$I$3;$K$3}), LAMBDA(x, MIN( COUNTIF({$E$3;$G$3;$I$3;$K$3}, x), COUNTIF({F71;H71;J71;L71}, x) ) ) ) ) -> 1 | U71: С пробуд лидерки Корвуса
A72: 67 | B72: Отступники | C72: Вильгельм | D72: =IMAGE("https://raw.githubusercontent.com/RedCat161/AoM/main/renegades/apostate9_200.jpg") | E72: ='Созвездия'!B9 | F72: H | G72: ='Созвездия'!B3 | H72: B | I72: ='Созвездия'!B3 | J72: B | K72: ='Созвездия'!B8 | L72: G | M72: =SUM( MAP( UNIQUE({$E$3;$G$3;$I$3;$K$3}), LAMBDA(x, MIN( COUNTIF({$E$3;$G$3;$I$3;$K$3}, x), COUNTIF({F72;H72;J72;L72}, x) ) ) ) ) -> 2 | U72: С пробуд лидерки Корвуса
A73: 68 | B73: Дикие Эльфы | C73: Мелейн | D73: =IMAGE("https://raw.githubusercontent.com/RedCat161/AoM/main/wildelf/wildelf5_200.jpg") | E73: ='Созвездия'!B8 | F73: G | G73: ='Созвездия'!B8 | H73: G | I73: ='Созвездия'!B3 | J73: B | K73: ='Созвездия'!B2 | L73: A | M73: =SUM( MAP( UNIQUE({$E$3;$G$3;$I$3;$K$3}), LAMBDA(x, MIN( COUNTIF({$E$3;$G$3;$I$3;$K$3}, x), COUNTIF({F73;H73;J73;L73}, x) ) ) ) ) -> 2 | S73: если меньше 35% хп (пассика Керноула) | U73: С Маэглин, нужно быть в скыте! База Глорианы
A74: 69 | B74: Дикие Эльфы | C74: Глориана | D74: =IMAGE("https://raw.githubusercontent.com/RedCat161/AoM/main/wildelf/wildelf8_200.jpg") | E74: ='Созвездия'!B8 | F74: G | G74: ='Созвездия'!B13 | H74: L | I74: ='Созвездия'!B12 | J74: K | K74: ='Созвездия'!B12 | L74: K | M74: =SUM( MAP( UNIQUE({$E$3;$G$3;$I$3;$K$3}), LAMBDA(x, MIN( COUNTIF({$E$3;$G$3;$I$3;$K$3}, x), COUNTIF({F74;H74;J74;L74}, x) ) ) ) ) -> 2 | S74: если меньше 35% хп (пассика Керноула) | U74: С Маэглин, нужно быть в скыте!
A75: 70 | B75: Дикие Эльфы | C75: Аэгнор | D75: =IMAGE("https://raw.githubusercontent.com/RedCat161/AoM/main/wildelf/wildelf3_200.jpg") | E75: ='Созвездия'!B11 | F75: J | G75: ='Созвездия'!B11 | H75: J | I75: ='Созвездия'!B10 | J75: I | K75: ='Созвездия'!B10 | L75: I | M75: =SUM( MAP( UNIQUE({$E$3;$G$3;$I$3;$K$3}), LAMBDA(x, MIN( COUNTIF({$E$3;$G$3;$I$3;$K$3}, x), COUNTIF({F75;H75;J75;L75}, x) ) ) ) ) -> 0 | P75: Мульти | S75: если меньше 35% хп (пассика Керноула) | U75: С Маэглин, нужно быть в скыте! База Глорианы
A76: 71 | B76: Дикие Эльфы | C76: Маэглин | D76: =IMAGE("https://raw.githubusercontent.com/RedCat161/AoM/main/wildelf/wildelf6_200.jpg") | E76: ='Созвездия'!B11 | F76: J | G76: ='Созвездия'!B13 | H76: L | I76: ='Созвездия'!B10 | J76: I | K76: ='Созвездия'!B10 | L76: I | M76: =SUM( MAP( UNIQUE({$E$3;$G$3;$I$3;$K$3}), LAMBDA(x, MIN( COUNTIF({$E$3;$G$3;$I$3;$K$3}, x), COUNTIF({F76;H76;J76;L76}, x) ) ) ) ) -> 1 | S76: если меньше 35% хп (пассика Керноула) | U76: С Маэглин, нужно быть в скыте! База Глорианы
A77: 72 | B77: Дикие Эльфы | C77: Тилеана | D77: =IMAGE("https://raw.githubusercontent.com/RedCat161/AoM/main/wildelf/wildelf1_200.jpg") | E77: ='Созвездия'!B10 | F77: I | G77: ='Созвездия'!B6 | H77: E | I77: ='Созвездия'!B11 | J77: J | K77: ='Созвездия'!B10 | L77: I | M77: =SUM( MAP( UNIQUE({$E$3;$G$3;$I$3;$K$3}), LAMBDA(x, MIN( COUNTIF({$E$3;$G$3;$I$3;$K$3}, x), COUNTIF({F77;H77;J77;L77}, x) ) ) ) ) -> 1 | R77: пассивка | S77: если меньше 35% хп (пассика Керноула) | T77: Против Нежити и Демонов | U77: С Маэглин, нужно быть в скыте! База Глорианы
A78: 73 | B78: Дикие Эльфы | C78: Сандариэль | D78: =IMAGE("https://raw.githubusercontent.com/RedCat161/AoM/main/wildelf/wildelf2_200.jpg") | E78: ='Созвездия'!B6 | F78: E | G78: ='Созвездия'!B6 | H78: E | I78: ='Созвездия'!B3 | J78: B | K78: ='Созвездия'!B6 | L78: E | M78: =SUM( MAP( UNIQUE({$E$3;$G$3;$I$3;$K$3}), LAMBDA(x, MIN( COUNTIF({$E$3;$G$3;$I$3;$K$3}, x), COUNTIF({F78;H78;J78;L78}, x) ) ) ) ) -> 2 | S78: если меньше 35% хп (пассика Керноула) | U78: С Маэглин, нужно быть в скыте! База Глорианы
A79: 74 | B79: Дикие Эльфы | C79: Идриль | D79: =IMAGE("https://raw.githubusercontent.com/RedCat161/AoM/main/wildelf/wildelf4_200.jpg") | E79: ='Созвездия'!B6 | F79: E | G79: ='Созвездия'!B11 | H79: J | I79: ='Созвездия'!B2 | J79: A | K79: ='Созвездия'!B2 | L79: A | M79: =SUM( MAP( UNIQUE({$E$3;$G$3;$I$3;$K$3}), LAMBDA(x, MIN( COUNTIF({$E$3;$G$3;$I$3;$K$3}, x), COUNTIF({F79;H79;J79;L79}, x) ) ) ) ) -> 1 | S79: если меньше 35% хп (пассика Керноула) | U79: С Маэглин, нужно быть в скыте! База Глорианы
A80: 75 | B80: Дикие Эльфы | C80: Керноул | D80: =IMAGE("https://raw.githubusercontent.com/RedCat161/AoM/main/wildelf/wildelf7_200.jpg") | E80: ='Созвездия'!B13 | F80: L | G80: ='Созвездия'!B8 | H80: G | I80: ='Созвездия'!B7 | J80: F | K80: ='Созвездия'!B10 | L80: I | M80: =SUM( MAP( UNIQUE({$E$3;$G$3;$I$3;$K$3}), LAMBDA(x, MIN( COUNTIF({$E$3;$G$3;$I$3;$K$3}, x), COUNTIF({F80;H80;J80;L80}, x) ) ) ) ) -> 2 | P80: Мульти | R80: 2-й навык | S80: если меньше 35% хп (пассика Керноула) | U80: С Маэглин, нужно быть в скыте! База Глорианы
A81: 76 | B81: Орки | C81: Тан'Арг | D81: =IMAGE("https://raw.githubusercontent.com/RedCat161/AoM/main/Orcs/Orc6_200.jpg") | E81: ='Созвездия'!B3 | F81: B | G81: ='Созвездия'!B8 | H81: G | I81: ='Созвездия'!B13 | J81: L | K81: ='Созвездия'!B13 | L81: L | M81: =SUM( MAP( UNIQUE({$E$3;$G$3;$I$3;$K$3}), LAMBDA(x, MIN( COUNTIF({$E$3;$G$3;$I$3;$K$3}, x), COUNTIF({F81;H81;J81;L81}, x) ) ) ) ) -> 3
A82: 77 | B82: Орки | C82: Да'Ган | D82: =IMAGE("https://raw.githubusercontent.com/RedCat161/AoM/main/Orcs/Orc2_200.jpg") | E82: ='Созвездия'!B4 | F82: C | G82: ='Созвездия'!B4 | H82: C | I82: ='Созвездия'!B8 | J82: G | K82: ='Созвездия'!B12 | L82: K | M82: =SUM( MAP( UNIQUE({$E$3;$G$3;$I$3;$K$3}), LAMBDA(x, MIN( COUNTIF({$E$3;$G$3;$I$3;$K$3}, x), COUNTIF({F82;H82;J82;L82}, x) ) ) ) ) -> 1
A83: 78 | B83: Орки | C83: Лас'Кари | D83: =IMAGE("https://raw.githubusercontent.com/RedCat161/AoM/main/Orcs/Orc1_200.jpg") | E83: ='Созвездия'!B9 | F83: H | G83: ='Созвездия'!B9 | H83: H | I83: ='Созвездия'!B9 | J83: H | K83: ='Созвездия'!B5 | L83: D | M83: =SUM( MAP( UNIQUE({$E$3;$G$3;$I$3;$K$3}), LAMBDA(x, MIN( COUNTIF({$E$3;$G$3;$I$3;$K$3}, x), COUNTIF({F83;H83;J83;L83}, x) ) ) ) ) -> 0
A84: 79 | B84: Орки | C84: Мор'Дроук | D84: =IMAGE("https://raw.githubusercontent.com/RedCat161/AoM/main/Orcs/Orc3_200.jpg") | E84: ='Созвездия'!B3 | F84: B | G84: ='Созвездия'!B11 | H84: J | I84: ='Созвездия'!B11 | J84: J | K84: ='Созвездия'!B11 | L84: J | M84: =SUM( MAP( UNIQUE({$E$3;$G$3;$I$3;$K$3}), LAMBDA(x, MIN( COUNTIF({$E$3;$G$3;$I$3;$K$3}, x), COUNTIF({F84;H84;J84;L84}, x) ) ) ) ) -> 1
A85: 80 | B85: Орки | C85: Рок'Хан | D85: =IMAGE("https://raw.githubusercontent.com/RedCat161/AoM/main/Orcs/Orc4_200.jpg") | E85: ='Созвездия'!B10 | F85: I | G85: ='Созвездия'!B12 | H85: K | I85: ='Созвездия'!B13 | J85: L | K85: ='Созвездия'!B10 | L85: I | M85: =SUM( MAP( UNIQUE({$E$3;$G$3;$I$3;$K$3}), LAMBDA(x, MIN( COUNTIF({$E$3;$G$3;$I$3;$K$3}, x), COUNTIF({F85;H85;J85;L85}, x) ) ) ) ) -> 1
A86: 81 | B86: Орки | C86: Архана | D86: =IMAGE("https://raw.githubusercontent.com/RedCat161/AoM/main/Orcs/Orc7_200.jpg") | E86: ='Созвездия'!B12 | F86: K | G86: ='Созвездия'!B7 | H86: F | I86: ='Созвездия'!B6 | J86: E | K86: ='Созвездия'!B11 | L86: J | M86: =SUM( MAP( UNIQUE({$E$3;$G$3;$I$3;$K$3}), LAMBDA(x, MIN( COUNTIF({$E$3;$G$3;$I$3;$K$3}, x), COUNTIF({F86;H86;J86;L86}, x) ) ) ) ) -> 1 | T86: пассивка
A87: 82 | B87: Орки | C87: Кромм | D87: =IMAGE("https://raw.githubusercontent.com/RedCat161/AoM/main/Orcs/Orc5_200.jpg") | E87: ='Созвездия'!B6 | F87: E | G87: ='Созвездия'!B6 | H87: E | I87: ='Созвездия'!B2 | J87: A | K87: ='Созвездия'!B2 | L87: A | M87: =SUM( MAP( UNIQUE({$E$3;$G$3;$I$3;$K$3}), LAMBDA(x, MIN( COUNTIF({$E$3;$G$3;$I$3;$K$3}, x), COUNTIF({F87;H87;J87;L87}, x) ) ) ) ) -> 1 | O87: Мульти | P87: Мульти | R87: пассивка
A88: 83 | B88: Дети Леса | C88: Беорн | D88: =IMAGE("https://raw.githubusercontent.com/RedCat161/AoM/main/children/children4_200.jpg") | E88: ='Созвездия'!B12 | F88: K | G88: ='Созвездия'!B12 | H88: K | I88: ='Созвездия'!B7 | J88: F | K88: ='Созвездия'!B2 | L88: A | M88: =SUM( MAP( UNIQUE({$E$3;$G$3;$I$3;$K$3}), LAMBDA(x, MIN( COUNTIF({$E$3;$G$3;$I$3;$K$3}, x), COUNTIF({F88;H88;J88;L88}, x) ) ) ) ) -> 0 | P88: Мульти | U88: 2-й навык Прайда
A89: 84 | B89: Дети Леса | C89: Лакки | D89: =IMAGE("https://raw.githubusercontent.com/RedCat161/AoM/main/children/children1_200.jpg") | E89: ='Созвездия'!B12 | F89: K | G89: ='Созвездия'!B12 | H89: K | I89: ='Созвездия'!B12 | J89: K | K89: ='Созвездия'!B11 | L89: J | M89: =SUM( MAP( UNIQUE({$E$3;$G$3;$I$3;$K$3}), LAMBDA(x, MIN( COUNTIF({$E$3;$G$3;$I$3;$K$3}, x), COUNTIF({F89;H89;J89;L89}, x) ) ) ) ) -> 0 | U89: 2-й навык Прайда
A90: 85 | B90: Дети Леса | C90: Трики | D90: =IMAGE("https://raw.githubusercontent.com/RedCat161/AoM/main/children/children3_200.jpg") | E90: ='Созвездия'!B8 | F90: G | G90: ='Созвездия'!B7 | H90: F | I90: ='Созвездия'!B11 | J90: J | K90: ='Созвездия'!B3 | L90: B | M90: =SUM( MAP( UNIQUE({$E$3;$G$3;$I$3;$K$3}), LAMBDA(x, MIN( COUNTIF({$E$3;$G$3;$I$3;$K$3}, x), COUNTIF({F90;H90;J90;L90}, x) ) ) ) ) -> 2 | U90: 2-й навык Прайда
A91: 86 | B91: Дети Леса | C91: Стелси | D91: =IMAGE("https://raw.githubusercontent.com/RedCat161/AoM/main/children/children6_200.jpg") | E91: ='Созвездия'!B11 | F91: J | G91: ='Созвездия'!B11 | H91: J | I91: ='Созвездия'!B11 | J91: J | K91: ='Созвездия'!B10 | L91: I | M91: =SUM( MAP( UNIQUE({$E$3;$G$3;$I$3;$K$3}), LAMBDA(x, MIN( COUNTIF({$E$3;$G$3;$I$3;$K$3}, x), COUNTIF({F91;H91;J91;L91}, x) ) ) ) ) -> 0 | T91: База, пассивка | U91: 2-й навык Прайда
A92: 87 | B92: Дети Леса | C92: Софти | D92: =IMAGE("https://raw.githubusercontent.com/RedCat161/AoM/main/children/children7_200.jpg") | E92: ='Созвездия'!B11 | F92: J | G92: ='Созвездия'!B5 | H92: D | I92: ='Созвездия'!B10 | J92: I | K92: ='Созвездия'!B10 | L92: I | M92: =SUM( MAP( UNIQUE({$E$3;$G$3;$I$3;$K$3}), LAMBDA(x, MIN( COUNTIF({$E$3;$G$3;$I$3;$K$3}, x), COUNTIF({F92;H92;J92;L92}, x) ) ) ) ) -> 0 | U92: 2-й навык Прайда
A93: 88 | B93: Дети Леса | C93: Прайд | D93: =IMAGE("https://raw.githubusercontent.com/RedCat161/AoM/main/children/children2_200.jpg") | E93: ='Созвездия'!B10 | F93: I | G93: ='Созвездия'!B2 | H93: A | I93: ='Созвездия'!B2 | J93: A | K93: ='Созвездия'!B10 | L93: I | M93: =SUM( MAP( UNIQUE({$E$3;$G$3;$I$3;$K$3}), LAMBDA(x, MIN( COUNTIF({$E$3;$G$3;$I$3;$K$3}, x), COUNTIF({F93;H93;J93;L93}, x) ) ) ) ) -> 0 | O93: Мульти | R93: 3-й навык | T93: База
A94: 89 | B94: Дети Леса | C94: Саблезубый | D94: =IMAGE("https://raw.githubusercontent.com/RedCat161/AoM/main/children/children5_200.jpg") | E94: ='Созвездия'!B13 | F94: L | G94: ='Созвездия'!B7 | H94: F | I94: ='Созвездия'!B10 | J94: I | K94: ='Созвездия'!B10 | L94: I | M94: =SUM( MAP( UNIQUE({$E$3;$G$3;$I$3;$K$3}), LAMBDA(x, MIN( COUNTIF({$E$3;$G$3;$I$3;$K$3}, x), COUNTIF({F94;H94;J94;L94}, x) ) ) ) ) -> 1 | O94: Мульти | R94: пассивка | S94: 3-й навык Софти | U94: 2-й навык Прайда
A95: 90 | B95: Рыцари Совета | C95: Тристан | D95: =IMAGE("https://raw.githubusercontent.com/RedCat161/AoM/main/knights/knight3_200.jpg") | E95: ='Созвездия'!B6 | F95: E | G95: ='Созвездия'!B6 | H95: E | I95: ='Созвездия'!B4 | J95: C | K95: ='Созвездия'!B8 | L95: G | M95: =SUM( MAP( UNIQUE({$E$3;$G$3;$I$3;$K$3}), LAMBDA(x, MIN( COUNTIF({$E$3;$G$3;$I$3;$K$3}, x), COUNTIF({F95;H95;J95;L95}, x) ) ) ) ) -> 2
A96: 91 | B96: Рыцари Совета | C96: Библиотекарь | D96: =IMAGE("https://raw.githubusercontent.com/RedCat161/AoM/main/knights/knight7_200.jpg") | E96: ='Созвездия'!B4 | F96: C | G96: ='Созвездия'!B8 | H96: G | I96: ='Созвездия'!B13 | J96: L | K96: ='Созвездия'!B4 | L96: C | M96: =SUM( MAP( UNIQUE({$E$3;$G$3;$I$3;$K$3}), LAMBDA(x, MIN( COUNTIF({$E$3;$G$3;$I$3;$K$3}, x), COUNTIF({F96;H96;J96;L96}, x) ) ) ) ) -> 2
A97: 92 | B97: Рыцари Совета | C97: Джоан | D97: =IMAGE("https://raw.githubusercontent.com/RedCat161/AoM/main/knights/knight1_200.jpg") | E97: ='Созвездия'!B2 | F97: A | G97: ='Созвездия'!B12 | H97: K | I97: ='Созвездия'!B6 | J97: E | K97: ='Созвездия'!B12 | L97: K | M97: =SUM( MAP( UNIQUE({$E$3;$G$3;$I$3;$K$3}), LAMBDA(x, MIN( COUNTIF({$E$3;$G$3;$I$3;$K$3}, x), COUNTIF({F97;H97;J97;L97}, x) ) ) ) ) -> 1
A98: 93 | B98: Рыцари Совета | C98: Зигфрид | D98: =IMAGE("https://raw.githubusercontent.com/RedCat161/AoM/main/knights/knight5_200.jpg") | E98: ='Созвездия'!B8 | F98: G | G98: ='Созвездия'!B12 | H98: K | I98: ='Созвездия'!B13 | J98: L | K98: ='Созвездия'!B13 | L98: L | M98: =SUM( MAP( UNIQUE({$E$3;$G$3;$I$3;$K$3}), LAMBDA(x, MIN( COUNTIF({$E$3;$G$3;$I$3;$K$3}, x), COUNTIF({F98;H98;J98;L98}, x) ) ) ) ) -> 2
A99: 94 | B99: Рыцари Совета | C99: Бринхильда | D99: =IMAGE("https://raw.githubusercontent.com/RedCat161/AoM/main/knights/knight6_200.jpg") | E99: ='Созвездия'!B4 | F99: C | G99: ='Созвездия'!B13 | H99: L | I99: ='Созвездия'!B2 | J99: A | K99: ='Созвездия'!B4 | L99: C | M99: =SUM( MAP( UNIQUE({$E$3;$G$3;$I$3;$K$3}), LAMBDA(x, MIN( COUNTIF({$E$3;$G$3;$I$3;$K$3}, x), COUNTIF({F99;H99;J99;L99}, x) ) ) ) ) -> 1
A100: 95 | B100: Рыцари Совета | C100: Вулкан | D100: =IMAGE("https://raw.githubusercontent.com/RedCat161/AoM/main/knights/knight4_200.jpg") | E100: ='Созвездия'!B10 | F100: I | G100: ='Созвездия'!B4 | H100: C | I100: ='Созвездия'!B7 | J100: F | K100: ='Созвездия'!B4 | L100: C | M100: =SUM( MAP( UNIQUE({$E$3;$G$3;$I$3;$K$3}), LAMBDA(x, MIN( COUNTIF({$E$3;$G$3;$I$3;$K$3}, x), COUNTIF({F100;H100;J100;L100}, x) ) ) ) ) -> 0 | T100: 2-й навык, пассивка
...

Sheet Созвездия
A1: Буква | B1: Иконка
A2: A | B2: =IMAGE("https://raw.githubusercontent.com/RedCat161/AoM/main/Runes/Rune4_200.jpg")
A3: B | B3: =IMAGE("https://raw.githubusercontent.com/RedCat161/AoM/main/Runes/Rune1_200.jpg") | H3: ='Созвездия'!B2 | I3: ='Созвездия'!B3 | J3: ='Созвездия'!B4 | K3: ='Созвездия'!B5 | L3: ='Созвездия'!B6 | M3: ='Созвездия'!B7 | N3: ='Созвездия'!B8 | O3: ='Созвездия'!B9 | P3: ='Созвездия'!B10 | Q3: ='Созвездия'!B11 | R3: ='Созвездия'!B12 | S3: ='Созвездия'!B13
A4: C | B4: =IMAGE("https://raw.githubusercontent.com/RedCat161/AoM/main/Runes/Rune9_200.jpg") | H4: A | I4: B | J4: C | K4: D | L4: E | M4: F | N4: G | O4: H | P4: I | Q4: J | R4: K | S4: L
A5: D | B5: =IMAGE("https://raw.githubusercontent.com/RedCat161/AoM/main/Runes/Rune5_200.jpg")
A6: E | B6: =IMAGE("https://raw.githubusercontent.com/RedCat161/AoM/main/Runes/Rune3_200.jpg")
A7: F | B7: =IMAGE("https://raw.githubusercontent.com/RedCat161/AoM/main/Runes/Rune2_200.jpg")
A8: G | B8: =IMAGE("https://raw.githubusercontent.com/RedCat161/AoM/main/Runes/Rune10_200.jpg")
A9: H | B9: =IMAGE("https://raw.githubusercontent.com/RedCat161/AoM/main/Runes/Rune11_200.jpg")
A10: I | B10: =IMAGE("https://raw.githubusercontent.com/RedCat161/AoM/main/Runes/Rune6_200.jpg")
A11: J | B11: =IMAGE("https://raw.githubusercontent.com/RedCat161/AoM/main/Runes/Rune7_200.jpg")
A12: K | B12: =IMAGE("https://raw.githubusercontent.com/RedCat161/AoM/main/Runes/Rune12_200.jpg")
A13: L | B13: =IMAGE("https://raw.githubusercontent.com/RedCat161/AoM/main/Runes/Rune8_200.jpg")
